Name,Fragments,Ion.type,Ion.num,Ref_Mass,Variant,Mutation,Delta.mass
y8Abruzzo,y8,y,8,972.5374,Abruzzo,His143Arg,19.0422
y11Abruzzo,y11,y,11,1199.6644,Abruzzo,His143Arg,19.0422
y12Abruzzo,y12,y,12,1270.7015,Abruzzo,His143Arg,19.0422
y14Abruzzo,y14,y,14,1468.8383,Abruzzo,His143Arg,19.0422
y22Abruzzo,y22,y,22,2354.3092,Abruzzo,His143Arg,19.0422
y23Abruzzo,y23,y,23,2451.3619,Abruzzo,His143Arg,19.0422
y24Abruzzo,y24,y,24,2552.4096,Abruzzo,His143Arg,19.0422
y29Abruzzo,y29,y,29,3160.7054,Abruzzo,His143Arg,19.0422
z11Abruzzo,z11,z,11,1183.6456,Abruzzo,His143Arg,19.0422
z18Abruzzo,z18,z,18,1943.0736,Abruzzo,His143Arg,19.0422
z19Abruzzo,z19,z,19,2014.1107,Abruzzo,His143Arg,19.0422
z24Abruzzo,z24,z,24,2536.3909,Abruzzo,His143Arg,19.0422
z26Abruzzo,z26,z,26,2812.5019,Abruzzo,His143Arg,19.0422
z27Abruzzo,z27,z,27,2940.5968,Abruzzo,His143Arg,19.0422
z29Abruzzo,z29,z,29,3144.6867,Abruzzo,His143Arg,19.0422
b14HbC,b14,b,14,1475.858,HbC,Glu6Lys,-0.94763
b20HbC,b20,b,20,2159.2335,HbC,Glu6Lys,-0.94763
c6HbC,c6,c,6,693.4406,HbC,Glu6Lys,-0.94763
c7HbC,c7,c,7,822.4832,HbC,Glu6Lys,-0.94763
c8HbC,c8,c,8,950.5782,HbC,Glu6Lys,-0.94763
y35HbD,y35,y,35,3800.9958,HbD,Glu121Gln,-0.98401
z26HbD,z26,z,26,2792.4757,HbD,Glu121Gln,-0.98401
z28HbD,z28,z,28,2977.5921,HbD,Glu121Gln,-0.98401
z29HbD,z29,z,29,3124.6605,HbD,Glu121Gln,-0.98401
z30HbD,z30,z,30,3261.7194,HbD,Glu121Gln,-0.98401
z40HbD,z40,z,40,4267.2624,HbD,Glu121Gln,-0.98401
b26HbE,b26,b,26,2745.457,HbE,Glu26Lys,-0.94763
c26HbE,c26,c,26,2762.4836,HbE,Glu26Lys,-0.94763
c29HbE,c29,c,29,3003.6262,HbE,Glu26Lys,-0.94763
c39HbE,c39,c,39,4259.3339,HbE,Glu26Lys,-0.94763
c40HbE,c40,c,40,4415.435,HbE,Glu26Lys,-0.94763
y28HbRiyadh,y28,y,28,2980.5428,HbRiyadh,Lys120Asn,-14.052
y29HbRiyadh,y29,y,29,3127.6112,HbRiyadh,Lys120Asn,-14.052
y31HbRiyadh,y31,y,31,3401.729,HbRiyadh,Lys120Asn,-14.052
y33HbRiyadh,y33,y,33,3585.8502,HbRiyadh,Lys120Asn,-14.052
y36HbRiyadh,y36,y,36,3886.9962,HbRiyadh,Lys120Asn,-14.052
y47HbRiyadh,y47,y,47,5139.689,HbRiyadh,Lys120Asn,-14.052
z27HbRiyadh,z27,z,27,2907.5026,HbRiyadh,Lys120Asn,-14.052
z29HbRiyadh,z29,z,29,3111.5925,HbRiyadh,Lys120Asn,-14.052
z30HbRiyadh,z30,z,30,3248.6514,HbRiyadh,Lys120Asn,-14.052
z31HbRiyadh,z31,z,31,3385.7103,HbRiyadh,Lys120Asn,-14.052
z32HbRiyadh,z32,z,32,3456.7474,HbRiyadh,Lys120Asn,-14.052
z39HbRiyadh,z39,z,39,4197.1729,HbRiyadh,Lys120Asn,-14.052
z43HbRiyadh,z43,z,43,4636.4636,HbRiyadh,Lys120Asn,-14.052
z45HbRiyadh,z45,z,45,4897.575,HbRiyadh,Lys120Asn,-14.052
z46HbRiyadh,z46,z,46,5026.6175,HbRiyadh,Lys120Asn,-14.052
z49HbRiyadh,z49,z,49,5337.7657,HbRiyadh,Lys120Asn,-14.052
z50HbRiyadh,z50,z,50,5474.8246,HbRiyadh,Lys120Asn,-14.052
b7HbS,b7,b,7,776.4301,HbS,Glu6Val,-29.97418
b8HbS,b8,b,8,904.5251,HbS,Glu6Val,-29.97418
b14HbS,b14,b,14,1446.8315,HbS,Glu6Val,-29.97418
b15HbS,b15,b,15,1632.9108,HbS,Glu6Val,-29.97418
b18HbS,b18,b,18,1917.0956,HbS,Glu6Val,-29.97418
b19HbS,b19,b,19,2031.1386,HbS,Glu6Val,-29.97418
b20HbS,b20,b,20,2130.207,HbS,Glu6Val,-29.97418
b21HbS,b21,b,21,2245.2339,HbS,Glu6Val,-29.97418
c7HbS,c7,c,7,793.4567,HbS,Glu6Val,-29.97418
c8HbS,c8,c,8,921.5516,HbS,Glu6Val,-29.97418
c9HbS,c9,c,9,1008.5837,HbS,Glu6Val,-29.97418
c11HbS,c11,c,11,1178.6892,HbS,Glu6Val,-29.97418
c12HbS,c12,c,12,1279.7369,HbS,Glu6Val,-29.97418
c13HbS,c13,c,13,1350.774,HbS,Glu6Val,-29.97418
c14HbS,c14,c,14,1463.858,HbS,Glu6Val,-29.97418
c15HbS,c15,c,15,1649.9374,HbS,Glu6Val,-29.97418
c20HbS,c20,c,20,2147.2335,HbS,Glu6Val,-29.97418
c21HbS,c21,c,21,2262.2605,HbS,Glu6Val,-29.97418
