"Name","Ion","Ion_type","Ion_num","Ref_Mass","Variant","Mutation","MutMass.Da"
"b7_HbS","b7","b","7","776.43012","HbS","E 6 V","-29.97418"
"b8_HbS","b8","b","8","904.52508","HbS","E 6 V","-29.97418"
"b10_HbS","b10","b","10","1062.59422","HbS","E 6 V","-29.97418"
"b11_HbS","b11","b","11","1161.66263","HbS","E 6 V","-29.97418"
"b14_HbS","b14","b","14","1446.83149","HbS","E 6 V","-29.97418"
"b20_HbS","b20","b","20","2130.20699","HbS","E 6 V","-29.97418"
"c7_HbS","c7","c","7","793.45666","HbS","E 6 V","-29.97418"
"c8_HbS","c8","c","8","921.55163","HbS","E 6 V","-29.97418"
"c9_HbS","c9","c","9","1008.58366","HbS","E 6 V","-29.97418"
"c11_HbS","c11","c","11","1178.68918","HbS","E 6 V","-29.97418"
"c12_HbS","c12","c","12","1279.73686","HbS","E 6 V","-29.97418"
"c13_HbS","c13","c","13","1350.77398","HbS","E 6 V","-29.97418"
"c14_HbS","c14","c","14","1463.85804","HbS","E 6 V","-29.97418"
"c15_HbS","c15","c","15","1649.93735","HbS","E 6 V","-29.97418"
"y49_HbRiyadh","y49","y","49","5353.78439","HbRiyadh","K 120 N","-14.05203"
"y48_HbRiyadh","y48","y","48","5254.71598","HbRiyadh","K 120 N","-14.05203"
"y47_HbRiyadh","y47","y","47","5139.68904","HbRiyadh","K 120 N","-14.05203"
"y36_HbRiyadh","y36","y","36","3886.99623","HbRiyadh","K 120 N","-14.05203"
"y32_HbRiyadh","y32","y","32","3472.76615","HbRiyadh","K 120 N","-14.05203"
"y31_HbRiyadh","y31","y","31","3401.72904","HbRiyadh","K 120 N","-14.05203"
"y30_HbRiyadh","y30","y","30","3264.67013","HbRiyadh","K 120 N","-14.05203"
"y29_HbRiyadh","y29","y","29","3127.61122","HbRiyadh","K 120 N","-14.05203"
"z51_HbRiyadh","z51","z","51","5587.90865","HbRiyadh","K 120 N","-14.05203"
"z49_HbRiyadh","z49","z","49","5337.76567","HbRiyadh","K 120 N","-14.05203"
"z48_HbRiyadh","z48","z","48","5238.69726","HbRiyadh","K 120 N","-14.05203"
"z45_HbRiyadh","z45","z","45","4897.57496","HbRiyadh","K 120 N","-14.05203"
"z40_HbRiyadh","z40","z","40","4254.19437","HbRiyadh","K 120 N","-14.05203"
"z39_HbRiyadh","z39","z","39","4197.17291","HbRiyadh","K 120 N","-14.05203"
"z33_HbRiyadh","z33","z","33","3569.83149","HbRiyadh","K 120 N","-14.05203"
"z29_HbRiyadh","z29","z","29","3111.59249","HbRiyadh","K 120 N","-14.05203"
"z28_HbRiyadh","z28","z","28","2964.52408","HbRiyadh","K 120 N","-14.05203"
"z27_HbRiyadh","z27","z","27","2907.50261","HbRiyadh","K 120 N","-14.05203"
"b27_HbE","b27","b","27","2816.49412","HbE","E 26 K","-0.94763"
"b30_HbE","b30","b","30","3142.70076","HbE","E 26 K","-0.94763"
"b31_HbE","b31","b","31","3255.78482","HbE","E 26 K","-0.94763"
"b32_HbE","b32","b","32","3368.86889","HbE","E 26 K","-0.94763"
"b33_HbE","b33","b","33","3467.9373","HbE","E 26 K","-0.94763"
"b34_HbE","b34","b","34","3567.00571","HbE","E 26 K","-0.94763"
"b35_HbE","b35","b","35","3730.06904","HbE","E 26 K","-0.94763"
"b40_HbE","b40","b","40","4398.40849","HbE","E 26 K","-0.94763"
"b41_HbE","b41","b","41","4545.4769","HbE","E 26 K","-0.94763"
"b42_HbE","b42","b","42","4692.54532","HbE","E 26 K","-0.94763"
"y123_HbE","y123","y","123","13354.9975","HbE","E 26 K","-0.94763"
"c33_HbE","c33","c","33","3484.96385","HbE","E 26 K","-0.94763"
"c34_HbE","c34","c","34","3584.03226","HbE","E 26 K","-0.94763"
"c36_HbE","c36","c","36","3844.14836","HbE","E 26 K","-0.94763"
"c39_HbE","c39","c","39","4259.33393","HbE","E 26 K","-0.94763"
"c40_HbE","c40","c","40","4415.43504","HbE","E 26 K","-0.94763"
"c42_HbE","c42","c","42","4709.57186","HbE","E 26 K","-0.94763"
"z124_HbE","z124","z","124","13438.04719","HbE","E 26 K","-0.94763"
"y36_HbD-LA","y36","y","36","3900.06425","HbD-LA","E 121 Q","-0.98401"
"y32_HbD-LA","y32","y","32","3485.83417","HbD-LA","E 121 Q","-0.98401"
"y31_HbD-LA","y31","y","31","3414.79706","HbD-LA","E 121 Q","-0.98401"
"y30_HbD-LA","y30","y","30","3277.73815","HbD-LA","E 121 Q","-0.98401"
"y29_HbD-LA","y29","y","29","3140.67924","HbD-LA","E 121 Q","-0.98401"
"z45_HbD-LA","z45","z","45","4910.64298","HbD-LA","E 121 Q","-0.98401"
"z40_HbD-LA","z40","z","40","4267.26239","HbD-LA","E 121 Q","-0.98401"
"z39_HbD-LA","z39","z","39","4210.24093","HbD-LA","E 121 Q","-0.98401"
"z33_HbD-LA","z33","z","33","3582.89951","HbD-LA","E 121 Q","-0.98401"
"z29_HbD-LA","z29","z","29","3124.66051","HbD-LA","E 121 Q","-0.98401"
"z28_HbD-LA","z28","z","28","2977.5921","HbD-LA","E 121 Q","-0.98401"
"z27_HbD-LA","z27","z","27","2920.57063","HbD-LA","E 121 Q","-0.98401"
"z26_HbD-LA","z26","z","26","2792.47567","HbD-LA","E 121 Q","-0.98401"
"y29_HbAbruzzo","y29","y","29","3160.70545","HbAbruzzo","H 143 R","19.0422"
"y24_HbAbruzzo","y24","y","24","2552.4096","HbAbruzzo","H 143 R","19.0422"
"y23_HbAbruzzo","y23","y","23","2451.36192","HbAbruzzo","H 143 R","19.0422"
"y22_HbAbruzzo","y22","y","22","2354.30916","HbAbruzzo","H 143 R","19.0422"
"y15_HbAbruzzo","y15","y","15","1596.93327","HbAbruzzo","H 143 R","19.0422"
"y14_HbAbruzzo","y14","y","14","1468.83831","HbAbruzzo","H 143 R","19.0422"
"y13_HbAbruzzo","y13","y","13","1369.76989","HbAbruzzo","H 143 R","19.0422"
"y11_HbAbruzzo","y11","y","11","1199.66437","HbAbruzzo","H 143 R","19.0422"
"y9_HbAbruzzo","y9","y","9","1043.57449","HbAbruzzo","H 143 R","19.0422"
"y8_HbAbruzzo","y8","y","8","972.53737","HbAbruzzo","H 143 R","19.0422"
"y6_HbAbruzzo","y6","y","6","787.45733","HbAbruzzo","H 143 R","19.0422"
"z29_HbAbruzzo","z29","z","29","3144.68673","HbAbruzzo","H 143 R","19.0422"
"z28_HbAbruzzo","z28","z","28","2997.61831","HbAbruzzo","H 143 R","19.0422"
"z27_HbAbruzzo","z27","z","27","2940.59685","HbAbruzzo","H 143 R","19.0422"
"z26_HbAbruzzo","z26","z","26","2812.50189","HbAbruzzo","H 143 R","19.0422"
"z25_HbAbruzzo","z25","z","25","2683.45929","HbAbruzzo","H 143 R","19.0422"
"z24_HbAbruzzo","z24","z","24","2536.39088","HbAbruzzo","H 143 R","19.0422"
"z19_HbAbruzzo","z19","z","19","2014.11068","HbAbruzzo","H 143 R","19.0422"
"z18_HbAbruzzo","z18","z","18","1943.07357","HbAbruzzo","H 143 R","19.0422"
"z17_HbAbruzzo","z17","z","17","1872.03645","HbAbruzzo","H 143 R","19.0422"
"z15_HbAbruzzo","z15","z","15","1580.91455","HbAbruzzo","H 143 R","19.0422"
"z14_HbAbruzzo","z14","z","14","1452.81958","HbAbruzzo","H 143 R","19.0422"
"b7_HbC","b7","b","7","805.45666","HbC","E 6 K","-0.94763"
"b8_HbC","b8","b","8","933.55163","HbC","E 6 K","-0.94763"
"b10_HbC","b10","b","10","1091.62077","HbC","E 6 K","-0.94763"
"b11_HbC","b11","b","11","1190.68918","HbC","E 6 K","-0.94763"
"b14_HbC","b14","b","14","1475.85804","HbC","E 6 K","-0.94763"
"b20_HbC","b20","b","20","2159.23354","HbC","E 6 K","-0.94763"
"c7_HbC","c7","c","7","822.48321","HbC","E 6 K","-0.94763"
"c8_HbC","c8","c","8","950.57818","HbC","E 6 K","-0.94763"
"c9_HbC","c9","c","9","1037.61021","HbC","E 6 K","-0.94763"
"c11_HbC","c11","c","11","1207.71573","HbC","E 6 K","-0.94763"
"c12_HbC","c12","c","12","1308.76341","HbC","E 6 K","-0.94763"
"c13_HbC","c13","c","13","1379.80053","HbC","E 6 K","-0.94763"
"c14_HbC","c14","c","14","1492.88459","HbC","E 6 K","-0.94763"
"c15_HbC","c15","c","15","1678.9639","HbC","E 6 K","-0.94763"
"y81_HbBellevueII","y81","y","81","8803.59734","HbBellevueII","P 100 T","3.99492"
"y64_HbBellevueII","y64","y","64","7024.62942","HbBellevueII","P 100 T","3.99492"
"y60_HbBellevueII","y60","y","60","6648.45475","HbBellevueII","P 100 T","3.99492"
"y58_HbBellevueII","y58","y","58","6434.32301","HbBellevueII","P 100 T","3.99492"
"y56_HbBellevueII","y56","y","56","6218.24839","HbBellevueII","P 100 T","3.99492"
"y54_HbBellevueII","y54","y","54","5968.10541","HbBellevueII","P 100 T","3.99492"
"y53_HbBellevueII","y53","y","53","5865.09623","HbBellevueII","P 100 T","3.99492"
"y52_HbBellevueII","y52","y","52","5750.06928","HbBellevueII","P 100 T","3.99492"
"y49_HbBellevueII","y49","y","49","5371.83134","HbBellevueII","P 100 T","3.99492"
"y48_HbBellevueII","y48","y","48","5272.76293","HbBellevueII","P 100 T","3.99492"
"y47_HbBellevueII","y47","y","47","5157.73599","HbBellevueII","P 100 T","3.99492"
"c101_HbBellevueII","c101","c","101","10952.64","HbBellevueII","P 100 T","3.99492"
"c111_HbBellevueII","c111","c","111","12078.30586","HbBellevueII","P 100 T","3.99492"
"z86_HbBellevueII","z86","z","86","9308.88603","HbBellevueII","P 100 T","3.99492"
"z85_HbBellevueII","z85","z","85","9180.79107","HbBellevueII","P 100 T","3.99492"
"z83_HbBellevueII","z83","z","83","8972.69504","HbBellevueII","P 100 T","3.99492"
"z82_HbBellevueII","z82","z","82","8915.67358","HbBellevueII","P 100 T","3.99492"
"z81_HbBellevueII","z81","z","81","8787.57861","HbBellevueII","P 100 T","3.99492"
"z79_HbBellevueII","z79","z","79","8560.41524","HbBellevueII","P 100 T","3.99492"
"z77_HbBellevueII","z77","z","77","8390.30971","HbBellevueII","P 100 T","3.99492"
"z74_HbBellevueII","z74","z","74","8085.17215","HbBellevueII","P 100 T","3.99492"
"z73_HbBellevueII","z73","z","73","7970.14521","HbBellevueII","P 100 T","3.99492"
"z69_HbBellevueII","z69","z","69","7591.94366","HbBellevueII","P 100 T","3.99492"
"z68_HbBellevueII","z68","z","68","7478.85959","HbBellevueII","P 100 T","3.99492"
"z67_HbBellevueII","z67","z","67","7363.83265","HbBellevueII","P 100 T","3.99492"
"z66_HbBellevueII","z66","z","66","7249.78972","HbBellevueII","P 100 T","3.99492"
"z65_HbBellevueII","z65","z","65","7136.70566","HbBellevueII","P 100 T","3.99492"
"z64_HbBellevueII","z64","z","64","7008.6107","HbBellevueII","P 100 T","3.99492"
"z61_HbBellevueII","z61","z","61","6703.47314","HbBellevueII","P 100 T","3.99492"
"z58_HbBellevueII","z58","z","58","6418.30428","HbBellevueII","P 100 T","3.99492"
"z53_HbBellevueII","z53","z","53","5849.0775","HbBellevueII","P 100 T","3.99492"
"z52_HbBellevueII","z52","z","52","5734.05056","HbBellevueII","P 100 T","3.99492"
"z51_HbBellevueII","z51","z","51","5605.9556","HbBellevueII","P 100 T","3.99492"
"z49_HbBellevueII","z49","z","49","5355.81262","HbBellevueII","P 100 T","3.99492"
"z48_HbBellevueII","z48","z","48","5256.74421","HbBellevueII","P 100 T","3.99492"
"y102_HbAlzette","y102","y","102","10921.69053","HbAlzette","R 104 K","-28.00615"
"y101_HbAlzette","y101","y","101","10774.62212","HbAlzette","R 104 K","-28.00615"
"y100_HbAlzette","y100","y","100","10717.60066","HbAlzette","R 104 K","-28.00615"
"y99_HbAlzette","y99","y","99","10602.57371","HbAlzette","R 104 K","-28.00615"
"y98_HbAlzette","y98","y","98","10489.48965","HbAlzette","R 104 K","-28.00615"
"y97_HbAlzette","y97","y","97","10402.45762","HbAlzette","R 104 K","-28.00615"
"y92_HbAlzette","y92","y","92","9919.22471","HbAlzette","R 104 K","-28.00615"
"y81_HbAlzette","y81","y","81","8771.59628","HbAlzette","R 104 K","-28.00615"
"y64_HbAlzette","y64","y","64","6992.62836","HbAlzette","R 104 K","-28.00615"
"y60_HbAlzette","y60","y","60","6616.45369","HbAlzette","R 104 K","-28.00615"
"y58_HbAlzette","y58","y","58","6402.32194","HbAlzette","R 104 K","-28.00615"
"y56_HbAlzette","y56","y","56","6186.24732","HbAlzette","R 104 K","-28.00615"
"y54_HbAlzette","y54","y","54","5936.10435","HbAlzette","R 104 K","-28.00615"
"y53_HbAlzette","y53","y","53","5833.09516","HbAlzette","R 104 K","-28.00615"
"y52_HbAlzette","y52","y","52","5718.06822","HbAlzette","R 104 K","-28.00615"
"y49_HbAlzette","y49","y","49","5339.83028","HbAlzette","R 104 K","-28.00615"
"y48_HbAlzette","y48","y","48","5240.76187","HbAlzette","R 104 K","-28.00615"
"y47_HbAlzette","y47","y","47","5125.73492","HbAlzette","R 104 K","-28.00615"
"c111_HbAlzette","c111","c","111","12046.3048","HbAlzette","R 104 K","-28.00615"
"z86_HbAlzette","z86","z","86","9276.88497","HbAlzette","R 104 K","-28.00615"
"z85_HbAlzette","z85","z","85","9148.79","HbAlzette","R 104 K","-28.00615"
"z83_HbAlzette","z83","z","83","8940.69398","HbAlzette","R 104 K","-28.00615"
"z82_HbAlzette","z82","z","82","8883.67252","HbAlzette","R 104 K","-28.00615"
"z81_HbAlzette","z81","z","81","8755.57755","HbAlzette","R 104 K","-28.00615"
"z79_HbAlzette","z79","z","79","8528.41418","HbAlzette","R 104 K","-28.00615"
"z77_HbAlzette","z77","z","77","8358.30865","HbAlzette","R 104 K","-28.00615"
"z74_HbAlzette","z74","z","74","8053.17109","HbAlzette","R 104 K","-28.00615"
"z73_HbAlzette","z73","z","73","7938.14415","HbAlzette","R 104 K","-28.00615"
"z69_HbAlzette","z69","z","69","7559.94259","HbAlzette","R 104 K","-28.00615"
"z68_HbAlzette","z68","z","68","7446.85853","HbAlzette","R 104 K","-28.00615"
"z67_HbAlzette","z67","z","67","7331.83159","HbAlzette","R 104 K","-28.00615"
"z66_HbAlzette","z66","z","66","7217.78866","HbAlzette","R 104 K","-28.00615"
"z65_HbAlzette","z65","z","65","7104.7046","HbAlzette","R 104 K","-28.00615"
"z64_HbAlzette","z64","z","64","6976.60963","HbAlzette","R 104 K","-28.00615"
"z61_HbAlzette","z61","z","61","6671.47208","HbAlzette","R 104 K","-28.00615"
"z58_HbAlzette","z58","z","58","6386.30322","HbAlzette","R 104 K","-28.00615"
"z53_HbAlzette","z53","z","53","5817.07644","HbAlzette","R 104 K","-28.00615"
"z52_HbAlzette","z52","z","52","5702.0495","HbAlzette","R 104 K","-28.00615"
"z51_HbAlzette","z51","z","51","5573.95453","HbAlzette","R 104 K","-28.00615"
"z49_HbAlzette","z49","z","49","5323.81156","HbAlzette","R 104 K","-28.00615"
"z48_HbAlzette","z48","z","48","5224.74314","HbAlzette","R 104 K","-28.00615"
"z45_HbAlzette","z45","z","45","4883.62084","HbAlzette","R 104 K","-28.00615"
"y92_HbG-Accra","y92","y","92","9946.24684","HbG-Accra","D 73 N","-0.98401"
"y81_HbG-Accra","y81","y","81","8798.61841","HbG-Accra","D 73 N","-0.98401"
"c73_HbG-Accra","c73","c","73","7893.13776","HbG-Accra","D 73 N","-0.98401"
"z86_HbG-Accra","z86","z","86","9303.9071","HbG-Accra","D 73 N","-0.98401"
"z85_HbG-Accra","z85","z","85","9175.81214","HbG-Accra","D 73 N","-0.98401"
"z83_HbG-Accra","z83","z","83","8967.71611","HbG-Accra","D 73 N","-0.98401"
"z82_HbG-Accra","z82","z","82","8910.69465","HbG-Accra","D 73 N","-0.98401"
"z81_HbG-Accra","z81","z","81","8782.59968","HbG-Accra","D 73 N","-0.98401"
"z79_HbG-Accra","z79","z","79","8555.43631","HbG-Accra","D 73 N","-0.98401"
"z77_HbG-Accra","z77","z","77","8385.33078","HbG-Accra","D 73 N","-0.98401"
"z74_HbG-Accra","z74","z","74","8080.19322","HbG-Accra","D 73 N","-0.98401"
"b20_HbEde","b20","b","20","2163.12669","HbEde","K 17 M","2.94553"
"b22_HbEde","b22","b","22","2407.19622","HbEde","K 17 M","2.94553"
"b23_HbEde","b23","b","23","2506.26464","HbEde","K 17 M","2.94553"
"b24_HbEde","b24","b","24","2563.2861","HbEde","K 17 M","2.94553"
"b27_HbEde","b27","b","27","2820.38727","HbEde","K 17 M","2.94553"
"b30_HbEde","b30","b","30","3146.59391","HbEde","K 17 M","2.94553"
"b31_HbEde","b31","b","31","3259.67797","HbEde","K 17 M","2.94553"
"b32_HbEde","b32","b","32","3372.76204","HbEde","K 17 M","2.94553"
"b33_HbEde","b33","b","33","3471.83045","HbEde","K 17 M","2.94553"
"b34_HbEde","b34","b","34","3570.89887","HbEde","K 17 M","2.94553"
"b35_HbEde","b35","b","35","3733.9622","HbEde","K 17 M","2.94553"
"b40_HbEde","b40","b","40","4402.30164","HbEde","K 17 M","2.94553"
"b41_HbEde","b41","b","41","4549.37005","HbEde","K 17 M","2.94553"
"b42_HbEde","b42","b","42","4696.43847","HbEde","K 17 M","2.94553"
"b43_HbEde","b43","b","43","4825.48106","HbEde","K 17 M","2.94553"
"b45_HbEde","b45","b","45","5059.5815","HbEde","K 17 M","2.94553"
"b46_HbEde","b46","b","46","5116.60297","HbEde","K 17 M","2.94553"
"b47_HbEde","b47","b","47","5231.62991","HbEde","K 17 M","2.94553"
"b48_HbEde","b48","b","48","5344.71397","HbEde","K 17 M","2.94553"
"b49_HbEde","b49","b","49","5431.746","HbEde","K 17 M","2.94553"
"c22_HbEde","c22","c","22","2424.22277","HbEde","K 17 M","2.94553"
"c33_HbEde","c33","c","33","3488.857","HbEde","K 17 M","2.94553"
"c34_HbEde","c34","c","34","3587.92542","HbEde","K 17 M","2.94553"
"c36_HbEde","c36","c","36","3848.04151","HbEde","K 17 M","2.94553"
"c39_HbEde","c39","c","39","4263.22708","HbEde","K 17 M","2.94553"
"c40_HbEde","c40","c","40","4419.32819","HbEde","K 17 M","2.94553"
"c42_HbEde","c42","c","42","4713.46502","HbEde","K 17 M","2.94553"
"c43_HbEde","c43","c","43","4842.50761","HbEde","K 17 M","2.94553"
"c44_HbEde","c44","c","44","4929.53964","HbEde","K 17 M","2.94553"
"c54_HbEde","c54","c","54","5932.00546","HbEde","K 17 M","2.94553"
"c56_HbEde","c56","c","56","6120.06741","HbEde","K 17 M","2.94553"
"z138_HbEde","z138","z","138","14911.69179","HbEde","K 17 M","2.94553"
"y102_HbComplutense","y102","y","102","10950.6807","HbComplutense","Q 127 E","0.98401"
"y101_HbComplutense","y101","y","101","10803.61228","HbComplutense","Q 127 E","0.98401"
"y100_HbComplutense","y100","y","100","10746.59082","HbComplutense","Q 127 E","0.98401"
"y99_HbComplutense","y99","y","99","10631.56388","HbComplutense","Q 127 E","0.98401"
"y98_HbComplutense","y98","y","98","10518.47981","HbComplutense","Q 127 E","0.98401"
"y97_HbComplutense","y97","y","97","10431.44779","HbComplutense","Q 127 E","0.98401"
"y92_HbComplutense","y92","y","92","9948.21487","HbComplutense","Q 127 E","0.98401"
"y81_HbComplutense","y81","y","81","8800.58644","HbComplutense","Q 127 E","0.98401"
"y64_HbComplutense","y64","y","64","7021.61852","HbComplutense","Q 127 E","0.98401"
"y60_HbComplutense","y60","y","60","6645.44385","HbComplutense","Q 127 E","0.98401"
"y58_HbComplutense","y58","y","58","6431.31211","HbComplutense","Q 127 E","0.98401"
"y56_HbComplutense","y56","y","56","6215.23749","HbComplutense","Q 127 E","0.98401"
"y54_HbComplutense","y54","y","54","5965.09451","HbComplutense","Q 127 E","0.98401"
"y53_HbComplutense","y53","y","53","5862.08533","HbComplutense","Q 127 E","0.98401"
"y52_HbComplutense","y52","y","52","5747.05838","HbComplutense","Q 127 E","0.98401"
"y49_HbComplutense","y49","y","49","5368.82044","HbComplutense","Q 127 E","0.98401"
"y48_HbComplutense","y48","y","48","5269.75203","HbComplutense","Q 127 E","0.98401"
"y47_HbComplutense","y47","y","47","5154.72509","HbComplutense","Q 127 E","0.98401"
"y36_HbComplutense","y36","y","36","3902.03228","HbComplutense","Q 127 E","0.98401"
"y32_HbComplutense","y32","y","32","3487.8022","HbComplutense","Q 127 E","0.98401"
"y31_HbComplutense","y31","y","31","3416.76509","HbComplutense","Q 127 E","0.98401"
"y30_HbComplutense","y30","y","30","3279.70618","HbComplutense","Q 127 E","0.98401"
"y29_HbComplutense","y29","y","29","3142.64727","HbComplutense","Q 127 E","0.98401"
"y24_HbComplutense","y24","y","24","2534.35142","HbComplutense","Q 127 E","0.98401"
"y23_HbComplutense","y23","y","23","2433.30374","HbComplutense","Q 127 E","0.98401"
"y22_HbComplutense","y22","y","22","2336.25098","HbComplutense","Q 127 E","0.98401"
"z86_HbComplutense","z86","z","86","9305.87513","HbComplutense","Q 127 E","0.98401"
"z85_HbComplutense","z85","z","85","9177.78017","HbComplutense","Q 127 E","0.98401"
"z83_HbComplutense","z83","z","83","8969.68414","HbComplutense","Q 127 E","0.98401"
"z82_HbComplutense","z82","z","82","8912.66268","HbComplutense","Q 127 E","0.98401"
"z81_HbComplutense","z81","z","81","8784.56772","HbComplutense","Q 127 E","0.98401"
"z79_HbComplutense","z79","z","79","8557.40434","HbComplutense","Q 127 E","0.98401"
"z77_HbComplutense","z77","z","77","8387.29881","HbComplutense","Q 127 E","0.98401"
"z74_HbComplutense","z74","z","74","8082.16125","HbComplutense","Q 127 E","0.98401"
"z73_HbComplutense","z73","z","73","7967.13431","HbComplutense","Q 127 E","0.98401"
"z69_HbComplutense","z69","z","69","7588.93276","HbComplutense","Q 127 E","0.98401"
"z68_HbComplutense","z68","z","68","7475.84869","HbComplutense","Q 127 E","0.98401"
"z67_HbComplutense","z67","z","67","7360.82175","HbComplutense","Q 127 E","0.98401"
"z66_HbComplutense","z66","z","66","7246.77882","HbComplutense","Q 127 E","0.98401"
"z65_HbComplutense","z65","z","65","7133.69476","HbComplutense","Q 127 E","0.98401"
"z64_HbComplutense","z64","z","64","7005.5998","HbComplutense","Q 127 E","0.98401"
"z61_HbComplutense","z61","z","61","6700.46224","HbComplutense","Q 127 E","0.98401"
"z58_HbComplutense","z58","z","58","6415.29338","HbComplutense","Q 127 E","0.98401"
"z53_HbComplutense","z53","z","53","5846.0666","HbComplutense","Q 127 E","0.98401"
"z52_HbComplutense","z52","z","52","5731.03966","HbComplutense","Q 127 E","0.98401"
"z51_HbComplutense","z51","z","51","5602.9447","HbComplutense","Q 127 E","0.98401"
"z49_HbComplutense","z49","z","49","5352.80172","HbComplutense","Q 127 E","0.98401"
"z48_HbComplutense","z48","z","48","5253.73331","HbComplutense","Q 127 E","0.98401"
"z45_HbComplutense","z45","z","45","4912.61101","HbComplutense","Q 127 E","0.98401"
"z40_HbComplutense","z40","z","40","4269.23043","HbComplutense","Q 127 E","0.98401"
"z39_HbComplutense","z39","z","39","4212.20896","HbComplutense","Q 127 E","0.98401"
"z33_HbComplutense","z33","z","33","3584.86754","HbComplutense","Q 127 E","0.98401"
"z29_HbComplutense","z29","z","29","3126.62854","HbComplutense","Q 127 E","0.98401"
"z28_HbComplutense","z28","z","28","2979.56013","HbComplutense","Q 127 E","0.98401"
"z27_HbComplutense","z27","z","27","2922.53866","HbComplutense","Q 127 E","0.98401"
"z26_HbComplutense","z26","z","26","2794.4437","HbComplutense","Q 127 E","0.98401"
"z25_HbComplutense","z25","z","25","2665.40111","HbComplutense","Q 127 E","0.98401"
"z24_HbComplutense","z24","z","24","2518.33269","HbComplutense","Q 127 E","0.98401"
"b40_HbLinkoping","b40","b","40","4403.35103","HbLinkoping","P 36 T","3.99492"
"b41_HbLinkoping","b41","b","41","4550.41945","HbLinkoping","P 36 T","3.99492"
"b42_HbLinkoping","b42","b","42","4697.48786","HbLinkoping","P 36 T","3.99492"
"b43_HbLinkoping","b43","b","43","4826.53045","HbLinkoping","P 36 T","3.99492"
"b45_HbLinkoping","b45","b","45","5060.6309","HbLinkoping","P 36 T","3.99492"
"b46_HbLinkoping","b46","b","46","5117.65236","HbLinkoping","P 36 T","3.99492"
"b47_HbLinkoping","b47","b","47","5232.6793","HbLinkoping","P 36 T","3.99492"
"b48_HbLinkoping","b48","b","48","5345.76337","HbLinkoping","P 36 T","3.99492"
"b49_HbLinkoping","b49","b","49","5432.79539","HbLinkoping","P 36 T","3.99492"
"y123_HbLinkoping","y123","y","123","13359.94005","HbLinkoping","P 36 T","3.99492"
"y118_HbLinkoping","y118","y","118","12932.73335","HbLinkoping","P 36 T","3.99492"
"y112_HbLinkoping","y112","y","112","12295.30582","HbLinkoping","P 36 T","3.99492"
"c36_HbLinkoping","c36","c","36","3849.0909","HbLinkoping","P 36 T","3.99492"
"c39_HbLinkoping","c39","c","39","4264.27647","HbLinkoping","P 36 T","3.99492"
"c40_HbLinkoping","c40","c","40","4420.37758","HbLinkoping","P 36 T","3.99492"
"c42_HbLinkoping","c42","c","42","4714.51441","HbLinkoping","P 36 T","3.99492"
"c43_HbLinkoping","c43","c","43","4843.557","HbLinkoping","P 36 T","3.99492"
"c44_HbLinkoping","c44","c","44","4930.58903","HbLinkoping","P 36 T","3.99492"
"z138_HbLinkoping","z138","z","138","14912.74118","HbLinkoping","P 36 T","3.99492"
"z124_HbLinkoping","z124","z","124","13442.98974","HbLinkoping","P 36 T","3.99492"
"y24_HbHope","y24","y","24","2591.37288","HbHope","G 136 D","58.00548"
"y23_HbHope","y23","y","23","2490.3252","HbHope","G 136 D","58.00548"
"y22_HbHope","y22","y","22","2393.27244","HbHope","G 136 D","58.00548"
"y15_HbHope","y15","y","15","1635.89655","HbHope","G 136 D","58.00548"
"y14_HbHope","y14","y","14","1507.80159","HbHope","G 136 D","58.00548"
"y13_HbHope","y13","y","13","1408.73317","HbHope","G 136 D","58.00548"
"y11_HbHope","y11","y","11","1238.62765","HbHope","G 136 D","58.00548"
"z27_HbHope","z27","z","27","2979.56013","HbHope","G 136 D","58.00548"
"z26_HbHope","z26","z","26","2851.46517","HbHope","G 136 D","58.00548"
"z25_HbHope","z25","z","25","2722.42257","HbHope","G 136 D","58.00548"
"z24_HbHope","z24","z","24","2575.35416","HbHope","G 136 D","58.00548"
"z19_HbHope","z19","z","19","2053.07396","HbHope","G 136 D","58.00548"
"z18_HbHope","z18","z","18","1982.03685","HbHope","G 136 D","58.00548"
"z17_HbHope","z17","z","17","1910.99973","HbHope","G 136 D","58.00548"
"z15_HbHope","z15","z","15","1619.87783","HbHope","G 136 D","58.00548"
"z14_HbHope","z14","z","14","1491.78286","HbHope","G 136 D","58.00548"
"b47_HbG-Copenhagen","b47","b","47","5227.70037","HbG-Copenhagen","D 47 N","-0.98401"
"b48_HbG-Copenhagen","b48","b","48","5340.78444","HbG-Copenhagen","D 47 N","-0.98401"
"b49_HbG-Copenhagen","b49","b","49","5427.81646","HbG-Copenhagen","D 47 N","-0.98401"
"y123_HbG-Copenhagen","y123","y","123","13354.96112","HbG-Copenhagen","D 47 N","-0.98401"
"y118_HbG-Copenhagen","y118","y","118","12927.75442","HbG-Copenhagen","D 47 N","-0.98401"
"y112_HbG-Copenhagen","y112","y","112","12290.32689","HbG-Copenhagen","D 47 N","-0.98401"
"y102_HbG-Copenhagen","y102","y","102","10948.71267","HbG-Copenhagen","D 47 N","-0.98401"
"y101_HbG-Copenhagen","y101","y","101","10801.64425","HbG-Copenhagen","D 47 N","-0.98401"
"y100_HbG-Copenhagen","y100","y","100","10744.62279","HbG-Copenhagen","D 47 N","-0.98401"
"z124_HbG-Copenhagen","z124","z","124","13438.01081","HbG-Copenhagen","D 47 N","-0.98401"
"y123_HbOkazaki","y123","y","123","13409.03706","HbOkazaki","C 93 R","53.09192"
"y118_HbOkazaki","y118","y","118","12981.83036","HbOkazaki","C 93 R","53.09192"
"y112_HbOkazaki","y112","y","112","12344.40283","HbOkazaki","C 93 R","53.09192"
"y102_HbOkazaki","y102","y","102","11002.78861","HbOkazaki","C 93 R","53.09192"
"y101_HbOkazaki","y101","y","101","10855.7202","HbOkazaki","C 93 R","53.09192"
"y100_HbOkazaki","y100","y","100","10798.69873","HbOkazaki","C 93 R","53.09192"
"y99_HbOkazaki","y99","y","99","10683.67179","HbOkazaki","C 93 R","53.09192"
"y98_HbOkazaki","y98","y","98","10570.58772","HbOkazaki","C 93 R","53.09192"
"y97_HbOkazaki","y97","y","97","10483.5557","HbOkazaki","C 93 R","53.09192"
"y92_HbOkazaki","y92","y","92","10000.32278","HbOkazaki","C 93 R","53.09192"
"y81_HbOkazaki","y81","y","81","8852.69435","HbOkazaki","C 93 R","53.09192"
"y64_HbOkazaki","y64","y","64","7073.72643","HbOkazaki","C 93 R","53.09192"
"y60_HbOkazaki","y60","y","60","6697.55176","HbOkazaki","C 93 R","53.09192"
"y58_HbOkazaki","y58","y","58","6483.42002","HbOkazaki","C 93 R","53.09192"
"y56_HbOkazaki","y56","y","56","6267.3454","HbOkazaki","C 93 R","53.09192"
"y54_HbOkazaki","y54","y","54","6017.20242","HbOkazaki","C 93 R","53.09192"
"c101_HbOkazaki","c101","c","101","11001.73701","HbOkazaki","C 93 R","53.09192"
"c111_HbOkazaki","c111","c","111","12127.40287","HbOkazaki","C 93 R","53.09192"
"z138_HbOkazaki","z138","z","138","14961.83819","HbOkazaki","C 93 R","53.09192"
"z124_HbOkazaki","z124","z","124","13492.08675","HbOkazaki","C 93 R","53.09192"
"z86_HbOkazaki","z86","z","86","9357.98304","HbOkazaki","C 93 R","53.09192"
"z85_HbOkazaki","z85","z","85","9229.88808","HbOkazaki","C 93 R","53.09192"
"z83_HbOkazaki","z83","z","83","9021.79205","HbOkazaki","C 93 R","53.09192"
"z82_HbOkazaki","z82","z","82","8964.77059","HbOkazaki","C 93 R","53.09192"
"z81_HbOkazaki","z81","z","81","8836.67563","HbOkazaki","C 93 R","53.09192"
"z79_HbOkazaki","z79","z","79","8609.51225","HbOkazaki","C 93 R","53.09192"
"z77_HbOkazaki","z77","z","77","8439.40672","HbOkazaki","C 93 R","53.09192"
"z74_HbOkazaki","z74","z","74","8134.26917","HbOkazaki","C 93 R","53.09192"
"z73_HbOkazaki","z73","z","73","8019.24222","HbOkazaki","C 93 R","53.09192"
"z69_HbOkazaki","z69","z","69","7641.04067","HbOkazaki","C 93 R","53.09192"
"z68_HbOkazaki","z68","z","68","7527.95661","HbOkazaki","C 93 R","53.09192"
"z67_HbOkazaki","z67","z","67","7412.92966","HbOkazaki","C 93 R","53.09192"
"z66_HbOkazaki","z66","z","66","7298.88673","HbOkazaki","C 93 R","53.09192"
"z65_HbOkazaki","z65","z","65","7185.80267","HbOkazaki","C 93 R","53.09192"
"z64_HbOkazaki","z64","z","64","7057.70771","HbOkazaki","C 93 R","53.09192"
"z61_HbOkazaki","z61","z","61","6752.57015","HbOkazaki","C 93 R","53.09192"
"z58_HbOkazaki","z58","z","58","6467.4013","HbOkazaki","C 93 R","53.09192"
"y49_HbMiami","y49","y","49","5327.83028","HbMiami","H 116 P","-40.00615"
"y48_HbMiami","y48","y","48","5228.76187","HbMiami","H 116 P","-40.00615"
"y47_HbMiami","y47","y","47","5113.73492","HbMiami","H 116 P","-40.00615"
"y36_HbMiami","y36","y","36","3861.04212","HbMiami","H 116 P","-40.00615"
"y32_HbMiami","y32","y","32","3446.81204","HbMiami","H 116 P","-40.00615"
"y31_HbMiami","y31","y","31","3375.77493","HbMiami","H 116 P","-40.00615"
"z49_HbMiami","z49","z","49","5311.81156","HbMiami","H 116 P","-40.00615"
"z48_HbMiami","z48","z","48","5212.74314","HbMiami","H 116 P","-40.00615"
"z45_HbMiami","z45","z","45","4871.62084","HbMiami","H 116 P","-40.00615"
"z40_HbMiami","z40","z","40","4228.24026","HbMiami","H 116 P","-40.00615"
"z39_HbMiami","z39","z","39","4171.2188","HbMiami","H 116 P","-40.00615"
"z33_HbMiami","z33","z","33","3543.87738","HbMiami","H 116 P","-40.00615"
"y92_HbSheffield","y92","y","92","9987.237","HbSheffield","P 58 H","40.00615"
"c59_HbSheffield","c59","c","59","6496.31869","HbSheffield","P 58 H","40.00615"
"c60_HbSheffield","c60","c","60","6595.38711","HbSheffield","P 58 H","40.00615"
"c61_HbSheffield","c61","c","61","6723.48207","HbSheffield","P 58 H","40.00615"
"c62_HbSheffield","c62","c","62","6794.51918","HbSheffield","P 58 H","40.00615"
"c63_HbSheffield","c63","c","63","6931.5781","HbSheffield","P 58 H","40.00615"
"c64_HbSheffield","c64","c","64","6988.59956","HbSheffield","P 58 H","40.00615"
"c69_HbSheffield","c69","c","69","7513.96343","HbSheffield","P 58 H","40.00615"
"c72_HbSheffield","c72","c","72","7819.10098","HbSheffield","P 58 H","40.00615"
"c73_HbSheffield","c73","c","73","7934.12793","HbSheffield","P 58 H","40.00615"
"c80_HbSheffield","c80","c","80","8654.48341","HbSheffield","P 58 H","40.00615"
"z19_HbShanghai","z19","z","19","1964.06267","HbShanghai","Q 131 P","-31.00582"
"z18_HbShanghai","z18","z","18","1893.02555","HbShanghai","Q 131 P","-31.00582"
"z17_HbShanghai","z17","z","17","1821.98844","HbShanghai","Q 131 P","-31.00582"
"y123_HbZurich","y123","y","123","13374.98733","HbZurich","H 63 R","19.0422"
"y118_HbZurich","y118","y","118","12947.78063","HbZurich","H 63 R","19.0422"
"y112_HbZurich","y112","y","112","12310.3531","HbZurich","H 63 R","19.0422"
"y102_HbZurich","y102","y","102","10968.73888","HbZurich","H 63 R","19.0422"
"y101_HbZurich","y101","y","101","10821.67047","HbZurich","H 63 R","19.0422"
"y100_HbZurich","y100","y","100","10764.649","HbZurich","H 63 R","19.0422"
"y99_HbZurich","y99","y","99","10649.62206","HbZurich","H 63 R","19.0422"
"y98_HbZurich","y98","y","98","10536.538","HbZurich","H 63 R","19.0422"
"y97_HbZurich","y97","y","97","10449.50597","HbZurich","H 63 R","19.0422"
"y92_HbZurich","y92","y","92","9966.27306","HbZurich","H 63 R","19.0422"
"c63_HbZurich","c63","c","63","6910.61415","HbZurich","H 63 R","19.0422"
"c64_HbZurich","c64","c","64","6967.63561","HbZurich","H 63 R","19.0422"
"c69_HbZurich","c69","c","69","7492.99948","HbZurich","H 63 R","19.0422"
"c72_HbZurich","c72","c","72","7798.13703","HbZurich","H 63 R","19.0422"
"c73_HbZurich","c73","c","73","7913.16398","HbZurich","H 63 R","19.0422"
"z138_HbZurich","z138","z","138","14927.78847","HbZurich","H 63 R","19.0422"
"z124_HbZurich","z124","z","124","13458.03702","HbZurich","H 63 R","19.0422"
"z86_HbZurich","z86","z","86","9323.93331","HbZurich","H 63 R","19.0422"
"z85_HbZurich","z85","z","85","9195.83835","HbZurich","H 63 R","19.0422"
"y64_HbVanderbilt","y64","y","64","7089.70359","HbVanderbilt","S 89 R","69.06908"
"y60_HbVanderbilt","y60","y","60","6713.52892","HbVanderbilt","S 89 R","69.06908"
"y58_HbVanderbilt","y58","y","58","6499.39718","HbVanderbilt","S 89 R","69.06908"
"c101_HbVanderbilt","c101","c","101","11017.71417","HbVanderbilt","S 89 R","69.06908"
"c111_HbVanderbilt","c111","c","111","12143.38003","HbVanderbilt","S 89 R","69.06908"
"z74_HbVanderbilt","z74","z","74","8150.24632","HbVanderbilt","S 89 R","69.06908"
"z73_HbVanderbilt","z73","z","73","8035.21938","HbVanderbilt","S 89 R","69.06908"
"z69_HbVanderbilt","z69","z","69","7657.01783","HbVanderbilt","S 89 R","69.06908"
"z68_HbVanderbilt","z68","z","68","7543.93376","HbVanderbilt","S 89 R","69.06908"
"z67_HbVanderbilt","z67","z","67","7428.90682","HbVanderbilt","S 89 R","69.06908"
"z66_HbVanderbilt","z66","z","66","7314.86389","HbVanderbilt","S 89 R","69.06908"
"z65_HbVanderbilt","z65","z","65","7201.77983","HbVanderbilt","S 89 R","69.06908"
"z64_HbVanderbilt","z64","z","64","7073.68486","HbVanderbilt","S 89 R","69.06908"
"z61_HbVanderbilt","z61","z","61","6768.54731","HbVanderbilt","S 89 R","69.06908"
"z58_HbVanderbilt","z58","z","58","6483.37845","HbVanderbilt","S 89 R","69.06908"
"c80_HbTampa","c80","c","80","8662.51365","HbTampa","D 79 Y","48.03639"
"z73_HbTampa","z73","z","73","8014.18668","HbTampa","D 79 Y","48.03639"
"z69_HbTampa","z69","z","69","7635.98513","HbTampa","D 79 Y","48.03639"
"z68_HbTampa","z68","z","68","7522.90106","HbTampa","D 79 Y","48.03639"
"z19_HbShelby","z19","z","19","1995.10487","HbShelby","Q 131 K","0.03638"
"z18_HbShelby","z18","z","18","1924.06775","HbShelby","Q 131 K","0.03638"
"z17_HbShelby","z17","z","17","1853.03064","HbShelby","Q 131 K","0.03638"
